"move_id","name","description","type","damage_class","power","priority","condition","condition_chance","min_hits","max_hits","stat_changes","target_stat_changes","animation_id","fallback_animation","sets_weather","scheduled_effect","animation_kind","bloom_healing","burn_user_party","calls_another_move","calls_random_move","cannot_faint_target","cannot_faint_turns","charge_multiplier","charge_type","cleanse_both_after_damage","cleanse_user_party","clear_weather_after_damage","condition_chance_if_target_type","copies_opponent_last_move","counter_last_physical_damage","cure_or_stat_change","cure_target_condition_after_damage","cures_conditions","cures_one_condition","disable_last_move_turns","dormancy","double_power_if_target_has_raised_stat","drain_damage_fraction","drain_if_target_type","fixed_max_hp_heal_fraction","force_random_opponent_switch","grant_next_move_priority","heal_fraction_during_weather","ignore_next_move_self_damage","ignore_resistance","materialize_special_moves","maximum_power","must_recharge","nest","next_turn_condition_immunities","paradise_bloom","passes_stat_modifiers","power_from_user_size","power_if_target_has_condition","power_if_user_has_stat_change","power_multiplier_if_target_conditions","power_per_positive_stage","power_per_turn_on_field","preserve_weather","prevent_voluntary_switch_turns","protect","protect_success_base","protect_success_decrement","raised_stat_power","random_party_switch","random_secondary_chance","random_secondary_conditions","random_stat_or_hp_boosts","reactive_poison_damage_class","reactive_poison_turns","recoil_current_hp_fraction","recoil_max_hp_fraction","regrow","replace_target_condition_after_damage","requires_user_condition","reset_all_stat_changes","reuse_delay","self_condition","suppress_weakness_turns","suppress_weakness_type","target_egg_group_condition","target_stat_change_chance","torment_target","uses_target_defense_as_attack","wake_animation_id","weather_overrides","weather_stat_effects","weather_target_condition"
"absolve","Absolve","Releases the user from all special conditions.","Dark","Status","0.0","","","","","","","","absolve","buff_swirl","","","","","","","","","","","","","","","","","","","","true","","","","","","","","","","","","","","","","","","","","","","","","","","","","","","","","","","","","","","","","","","","","","","","","","","","","","","",""
"alkaloid_mist","Alkaloid Mist","A powerful poison attack with a 30% chance of poisoning a foe. If Harsh Sunlight is active, that chance increases to 60%.","Poison","Special","85.0","","Poisoned","0.3","","","","","alkaloid_mist","field_overlay","","","","","","","","","","","","","","","","","","","","","","","","","","","","","","","","","","","","","","","","","","","","","","","","","","","","","","","","","","","","","","","","","","","","","","","","","{""Harsh Sunlight"":{""condition_chance"":0.6}}","",""
"aqua_jet","Aqua Jet","Hits the foe with a blast of water. Has a 30% chance to slow a target.","Water","Special","55.0","","Slowed","0.3","","","","","aqua_jet","projectile","","","","","","","","","","","","","","","","","","","","","","","","","","","","","","","","","","","","","","","","","","","","","","","","","","","","","","","","","","","","","","","","","","","","","","","","","","",""
"aureal_flood","Aureal Flood","A majestic blast of purified water that deals high damage and removes all status conditions from the user's party.","Water","Special","90.0","","","","","","","","aureal_flood","projectile","","","","","","","","","","","","","true","","","","","","","","","","","","","","","","","","","","","","","","","","","","","","","","","","","","","","","","","","","","","","","","","","","","","","","","","","","","","",""
"bite","Bite","A weak physical attack that has a 10% chance to make a foe flinch.","Normal","Physical","40.0","","Flinch","0.1","","","","","bite","","","","","","","","","","","","","","","","","","","","","","","","","","","","","","","","","","","","","","","","","","","","","","","","","","","","","","","","","","","","","","","","","","","","","","","","","","","",""
"blood_draw","Blood Draw","Leeching attack that heals the user for 50% of the damage done.","Dark","Physical","50.0","","","","","","","","blood_draw","","","","","","","","","","","","","","","","","","","","","","","","","","0.5","","","","","","","","","","","","","","","","","","","","","","","","","","","","","","","","","","","","","","","","","","","","","","","","","",""
"bloodmoon","Bloodmoon","Sets up the Bloodmoon weather for 3 turns. While active, the power of Dark type attacks is increased by 25%. Dark type attacks also heal the user for 10% of the damage dealt. Ghost type attacks have a 20% chance to burn a foe. Lastly, Light, Mystic and Normal type attacks deal -25% damage while Bloodmoon is active.","Dark","Status","0.0","","","","","","","","","field_overlay","Monsoon","","","","","","","","","","","","","","","","","","","","","","","","","","","","","","","","","","","","","","","","","","","","","","","","","","","","","","","","","","","","","","","","","","","","","","","","","",""
"bloom","Bloom","Opens an enormous flower, increasing Special Attack and Special Defense by 1 stage and healing the user for 33% of their maximum health. ","Plant","Status","0.0","","","","","","[{""amount"":0.1,""stat"":""special_attack""},{""amount"":0.1,""stat"":""special_defense""}]","","bloom","buff_swirl","","","","true","","","","","","","","","","","","","","","","","","","","","","","","","","","","","","","","","","","","","","","","","","","","","","","","","","","","","","","","","","","","","","","","","","","","","{""Rootmind"":{""bloom_heal_percent_bonus"":5.0}}","",""
"body_slam","Body Slam","Uses the user's size to deal up to 150 Base Power. The user takes recoil equal to 15% of its maximum HP.","Normal","Physical","0.0","","","","","","","","body_slam","","","","","","","","","","","","","","","","","","","","","","","","","","","","","","","","","","","","","","","","","{""maximum_power"":150.0,""power_per_meter"":50.0}","","","","","","","","","","","","","","","","","","","0.15","","","","","","","","","","","","","","","",""
"boulder_drop","Boulder Drop","A powerful rock attack with a 10% chance to make the foe flinch.","Rock","Physical","80.0","","Flinch","0.1","","","","","boulder_drop","","","","","","","","","","","","","","","","","","","","","","","","","","","","","","","","","","","","","","","","","","","","","","","","","","","","","","","","","","","","","","","","","","","","","","","","","","","",""
"brilliant_light","Brilliant Light","A corrective blast of light that isn't affected by type resistance.","Light","Special","50.0","","","","","","","","brilliant_light","","","","","","","","","","","","","","","","","","","","","","","","","","","","","","","","","true","","","","","","","","","","","","","","","","","","","","","","","","","","","","","","","","","","","","","","","","","","",""
"bulk_up","Bulk Up","Raises the user's Special Attack and Special Defense by 1 stage.","Fighting","Status","0.0","","","","","","[{""amount"":0.1,""stat"":""attack""},{""amount"":0.1,""stat"":""defense""}]","","bulk_up","buff_swirl","","","","","","","","","","","","","","","","","","","","","","","","","","","","","","","","","","","","","","","","","","","","","","","","","","","","","","","","","","","","","","","","","","","","","","","","","","",""
"burn_off","Burn Off","Burns away all special conditions from the user.","Fire","Status","0.0","","","","","","","","","","","","","","","","","","","","","","","","","","","","","true","","","","","","","","","","","","","","","","","","","","","","","","","","","","","","","","","","","","","","","","","","","","","","","","","","","","","","",""
"buzz","Buzz","A weak bug attack that lowers a foe's Special Defense by 1 stage.","Bug","Special","15.0","","","","","","","[{""amount"":-0.1,""stat"":""special_defense""}]","buzz","","","","","","","","","","","","","","","","","","","","","","","","","","","","","","","","","","","","","","","","","","","","","","","","","","","","","","","","","","","","","","","","","","","","","","","","","","","",""
"cacophony","Cacophony","Stirs up a bombardment of mental noise, reducing a foe's Special Defense by 3 stages.","Psychic","Status","0.0","","","","","","","[{""amount"":-0.3,""stat"":""special_defense""}]","cacophony","","","","","","","","","","","","","","","","","","","","","","","","","","","","","","","","","","","","","","","","","","","","","","","","","","","","","","","","","","","","","","","","","","","","","","","","","","","",""
"celestial_chorus","Celestial Chorus","Sets up the Celesital Chorus weather for 3 turns. While active, the power of Light type attacks is increased by 50%. Prayer heals 50% more damage, and Dark and Ghost type attacks also deal -50% damage while Celestial Chorus is active.","Light","Status","0.0","","","","","","","","","","Celestial Chorus","","","","","","","","","","","","","","","","","","","","","","","","","","","","","","","","","","","","","","","","","","","","","","","","","","","","","","","","","","","","","","","","","","","","","","","","","",""
"challenging_call","Challenging Call","Calls the foe to a challenge, lowering their attack by 1 stage, and adds a 80% chance for them to despair. If the foe is a Dragon type, it will always despair.","Air","Status","0.0","","Despairing","0.8","","","[{""amount"":0.1,""stat"":""attack""}]","","challenging_call","","","","","","","","","","","","","","","","{""chance"":1.0,""type"":""Dragon""}","","","","","","","","","","","","","","","","","","","","","","","","","","","","","","","","","","","","","","","","","","","","","","","","","","","","","","","","","","","",""
"charm","Charm","Attracts a target, infatuating them.","Mystic","Status","0.0","","Infatuated","1.0","","","","","charm","","","","","","","","","","","","","","","","","","","","","","","","","","","","","","","","","","","","","","","","","","","","","","","","","","","","","","","","","","","","","","","","","","","","","","","","","","","",""
"chlorophyll_cannon","Chlorophyll Cannon","Fires off a superheated ball of chlorophyll, dealing heavy damage. Has a 20% chance to burn a foe.","Plant","Special","100.0","","Burned","0.2","","","","","chlorophyll_cannon","","","","","","","","","","","","","","","","","","","","","","","","","","","","","","","","","","","","","","","","","","","","","","","","","","","","","","","","","","","","","","","","","","","","","","","","","","{""Rootmind"":{""condition_chance"":0.3,""power"":110.0}}","",""
"chromatic_thought","Chromatic Thought","Raises stats according to the active weather. With no weather, raises every stat by 1 stage and restores 5% of maximum HP.","Psychic","Status","0.0","","","","","","","","chromatic_thought","","","","","","","","","","","","","","","","","","","","","","","","","","","","","","","","","","","","","","","","","","","","","","","","","","","","","","","","","","","","","","","","","","","","","","","","","","","{""Blood Moon"":{""stat_changes"":[{""amount"":0.2,""stat"":""special_attack""},{""amount"":0.2,""stat"":""speed""}]},""Celestial Chorus"":{""stat_changes"":[{""amount"":0.2,""stat"":""defense""},{""amount"":0.2,""stat"":""special_defense""}]},""Fey Gardens"":{""heal_max_hp_fraction"":0.2,""stat_changes"":[{""amount"":0.2,""stat"":""special_defense""}]},""Harsh Sunlight"":{""stat_changes"":[{""amount"":0.2,""stat"":""attack""},{""amount"":0.2,""stat"":""special_attack""}]},""Monsoon"":{""heal_max_hp_fraction"":0.2,""stat_changes"":[{""amount"":0.2,""stat"":""speed""}]},""Rootmind"":{""stat_changes"":[{""amount"":0.2,""stat"":""special_attack""},{""amount"":0.2,""stat"":""special_defense""}]},""no_weather"":{""heal_max_hp_fraction"":0.05,""stat_changes"":[{""amount"":0.1,""stat"":""attack""},{""amount"":0.1,""stat"":""defense""},{""amount"":0.1,""stat"":""special_attack""},{""amount"":0.1,""stat"":""special_defense""},{""amount"":0.1,""stat"":""speed""}]},""other_weather"":{""stat_changes"":[{""amount"":0.2,""stat"":""attack""},{""amount"":0.2,""stat"":""speed""}]}}",""
"cinder_flick","Cinder Flick","A weak fire attack that has a 30% chance to burn a foe.","Fire","Special","30.0","","Burned","0.15","","","","","","","","","","","","","","","","","","","","","","","","","","","","","","","","","","","","","","","","","","","","","","","","","","","","","","","","","","","","","","","","","","","","","","","","","","","","","","","","",""
"cleanse","Cleanse","Washes away all special conditions from the user.","Water","Status","0.0","","","","","","","","cleanse","","","","","","","","","","","","","","","","","","","","","true","","","","","","","","","","","","","","","","","","","","","","","","","","","","","","","","","","","","","","","","","","","","","","","","","","","","","","",""
"purify","Cleanse","Purifies the user of all special conditions.","Light","Status","0.0","","","","","","","","purify","","","","","","","","","","","","","","","","","","","","","true","","","","","","","","","","","","","","","","","","","","","","","","","","","","","","","","","","","","","","","","","","","","","","","","","","","","","","",""
"coat_toxin","Coat Toxin","Sprays poisonous gunk at a foe, dealing high damage. Has a 20% chance to poison a foe.","Poison","Special","70.0","","Poisoned","0.2","","","","","coat_toxin","","","","","","","","","","","","","","","","","","","","","","","","","","","","","","","","","","","","","","","","","","","","","","","","","","","","","","","","","","","","","","","","","","","","","","","","","","","",""
"constrict","Constrict","Plant attack that has a 20% chance to paralyze a foe.","Plant","Physical","45.0","","Paralyzed","0.2","","","","","constrict","","","","","","","","","","","","","","","","","","","","","","","","","","","","","","","","","","","","","","","","","","","","","","","","","","","","","","","","","","","","","","","","","","","","","","","","","","{""Rootmind"":{""condition_chance"":0.3,""power"":50.0}}","",""
"counter","Counter","Retaliates a physical attack, dealing twice the damage the user sustained.","Fighting","Status","0.0","","","","","","","","counter","","","","","","","","","","","","","","","","","","true","","","","","","","","","","","","","","","","","","","","","","","","","","","","","","","","","","","","","","","","","","","","","","","","","","","","","","","","","",""
"croak","Croak","Lets out a Croak, reducing a foe's Special Defense by 1 stage. If the egg group of a foe is an Amphibian, it also applies a stack of infatuation. ","Normal","Status","0.0","","","","","","","[{""amount"":-0.1,""stat"":""special_defense""}]","croak","","","","","","","","","","","","","","","","","","","","","","","","","","","","","","","","","","","","","","","","","","","","","","","","","","","","","","","","","","","","","","","","","","","","","{""condition"":""Infatuated"",""condition_chance"":1.0,""egg_group"":""Amphibian"",""replaces_target_stat_changes"":true}","","","","","","",""
"dazzle","Dazzle","A weak Mystic attack that needs a turn to recharge. Flinches a foe, and reduces their Special Defense by 1 stage.","Mystic","Special","15.0","","Flinch","1.0","","","","[{""amount"":-0.1,""stat"":""special_defense""}]","dazzle","","","","","","","","","","","","","","","","","","","","","","","","","","","","","","","","","","","","","","","","","","","","","","","","","","","","","","","","","","","","","","","","","1.0","","","","","","","","","","",""
"deep_impact","Deep Impact","Strikes the foe with an ancient method, with a 10% flinch chance.","Ancient","Physical","70.0","","Flinch","0.1","","","","","deep_impact","","","","","","","","","","","","","","","","","","","","","","","","","","","","","","","","","","","","","","","","","","","","","","","","","","","","","","","","","","","","","","","","","","","","","","","","","","","",""
"defense_curl","Defense Curl","Tightens the body, increasing the user's Defense by 1 stage.","Normal","Status","0.0","","","","","","[{""amount"":0.1,""stat"":""defense""}]","","defense_curl","","","","","","","","","","","","","","","","","","","","","","","","","","","","","","","","","","","","","","","","","","","","","","","","","","","","","","","","","","","","","","","","","","","","","","","","","","","",""
"detect","Detect","Becomes immune to an attack this turn, but becomes less effective the more it is used.","Fighting","Status","0.0","4.0","","","","","","","detect","","","","","","","","","","","","","","","","","","","","","","","","","","","","","","","","","","","","","","","","","","","","","","","","","true","0.95","0.25","","","","","","","","","","","","","","","","","","","","","","","","",""
"disable","Disable","Prevents the foe's last used move for 4 turns.","Psychic","Status","0.0","","","","","","","","disable","","","","","","","","","","","","","","","","","","","","","","","4.0","","","","","","","","","","","","","","","","","","","","","","","","","","","","","","","","","","","","","","","","","","","","","","","","","","","","",""
"discern","Discern","Correctly judges a situation, increasing the user's Special Defense by 3 stages.","Light","Status","0.0","","","","","","[{""amount"":0.3,""stat"":""special_defense""}]","","discern","","","","","","","","","","","","","","","","","","","","","","","","","","","","","","","","","","","","","","","","","","","","","","","","","","","","","","","","","","","","","","","","","","","","","","","","","","","",""
"dormancy","Dormancy","The user cleanses itself and falls asleep. Upon waking, it fully heals and is cleansed again.","Ancient","Status","0.0","","","","","","","","rest","","","","","","","","","","","","","","","","","","","","","","","","true","","","","","","","","","","","","","","","","","","","","","","","","","","","","","","","","","","","","","","","","","","Asleep","","","","","","","dormancy_activation","","",""
"doze_off","Doze Off","Heals one third of the user's maximum HP, then puts the user to sleep.","Normal","Status","0.0","","","","","","","","doze_off","","","","","","","","","","","","","","","","","","","","","","","","","","","","0.3333333333","","","","","","","","","","","","","","","","","","","","","","","","","","","","","","","","","","","","","","Asleep","","","","","","","","","",""
"drain","Drain","A weak plant attack that heals half of the damage dealt.","Plant","Special","45.0","","","","","","","","drain","","","","","","","","","","","","","","","","","","","","","","","","","","0.5","","","","","","","","","","","","","","","","","","","","","","","","","","","","","","","","","","","","","","","","","","","","","","","","{""Rootmind"":{""power"":45.0}}","",""
"drain_toxin","Drain Toxin","A weak plant attack that heals the user 15% of it's maximum HP. Any Poison weakness the user may have is removed for 3 turns after use.","Plant","Special","45.0","","","","","","","","drain_toxin","","","","","","","","","","","","","","","","","","","","","","","","","","","","0.15","","","","","","","","","","","","","","","","","","","","","","","","","","","","","","","","","","","","","","","3.0","Poison","","","","","","{""Rootmind"":{""fixed_max_hp_heal_fraction"":0.2,""power"":55.0,""suppress_weakness_turns"":5.0}}","",""
"dream","Dream","Uses another move at random. Can only be used when the user is sleeping.","Mystic","Status","0.0","","","","","","","","dream","","","","","","","true","true","","","","","","","","","","","","","","","","","","","","","","","","","","","","","","","","","","","","","","","","","","","","","","","","","","","","","","","Asleep","","","","","","","","","","","","",""
"drive_off","Drive Off","Charges a foe, dealing double the damage if the foe is lighter than the user. Always attacks first.","Fighting","Physical","50.0","1.0","","","","","","","drive_off","","","","","","","","","","","","","","","","","","","","","","","","","","","","","","","","","","","","","","","","","","","","","","","","","","","","","","","","","","","","","","","","","","","","","","","","","","","",""
"epoch_crash","Epoch Crash","A devastating blow of the ages that may flinch the foe and lowers its Special Defense by 1 stage.","Ancient","Special","100.0","","Flinch","0.05","","","","[{""amount"":-0.1,""stat"":""special_defense""}]","epoch_crash","","","","","","","","","","","","","","","","","","","","","","","","","","","","","","","","","","","","","","","","","","","","","","","","","","","","","","","","","","","","","","","","","","","","","","","","","","","",""
"evade","Evade","Becomes immune to an attack this turn, but becomes less effective the more it is used.","Air","Status","0.0","4.0","","","","","","","evade","","","","","","","","","","","","","","","","","","","","","","","","","","","","","","","","","","","","","","","","","","","","","","","","","true","0.95","0.25","","","","","","","","","","","","","","","","","","","","","","","","",""
"fatal_jaw","Fatal Jaw","Crushes the foe with a jaw of dense mineral and lowers its Defense by 1 stage.","Rock","Physical","90.0","","","","","","","[{""amount"":-0.1,""stat"":""defense""}]","fatal_jaw","","","","","","","","","","","","","","","","","","","","","","","","","","","","","","","","","","","","","","","","","","","","","","","","","","","","","","","","","","","","","","","","","","","","","","","","","","","",""
"fey_dust","Fey Dust","Scatters mystical dust on a foe, adding a stack of infatuation, and reducing their Special Defense by 2 stages.","Mystic","Status","0.0","","Infatuated","1.0","","","[{""amount"":0.2,""stat"":""special_defense""}]","","fey_dust","","","","","","","","","","","","","","","","","","","","","","","","","","","","","","","","","","","","","","","","","","","","","","","","","","","","","","","","","","","","","","","","","","","","","","","","","","","",""
"fey_gardens","Fey Gardens","Creates Fey Gardens weather for 3 turns. Mystic attacks deal 25% more damage; Plant and Mystic Fakemon gain 10% more maximum HP from healing moves, cannot have their Special Attack or Special Defense lowered, and gain an extra infatuation stack the first time they infatuate a foe.","Mystic","Status","0.0","","","","","","","","","","Fey Gardens","","field_overlay","","","","","","","","","","","","","","","","","","","","","","","","","","","","","","","","","","","","","","","","","","","","","","","","","","","","","","","","","","","","","","","","","","","","","","","",""
"fin_flash","Fin Flash","Strikes the foe with a flash of water. Its power increases from 40 to 60 if the user's Special Defense is raised.","Water","Special","40.0","","","","","","","","fin_flash","","","","","","","","","","","","","","","","","","","","","","","","","","","","","","","","","","","","","","","","","","","","","","","","","","","","{""power"":60.0,""stat"":""special_defense""}","","","","","","","","","","","","","","","","","","","","","","","",""
"fire_charge","Fire Charge","A fiery physical charge with a 10% chance to burn the foe. The user loses 25% of their current HP as recoil.","Fire","Physical","80.0","","Burned","0.1","","","","","fire_charge","","","","","","","","","","","","","","","","","","","","","","","","","","","","","","","","","","","","","","","","","","","","","","","","","","","","","","","","","","","0.25","","","","","","","","","","","","","","","","",""
"fireheart","Fireheart","Kindles the user's inner flame, preventing them from fainting for 2 turns. This move has a 1-turn reuse delay.","Fire","Status","0.0","","","","","","","","fireheart","","","","","","","","","","2.0","","","","","","","","","","","","","","","","","","","","","","","","","","","","","","","","","","","","","","","","","","","","","","","","","","","","","","","1.0","","","","","","","","","","",""
"flamethrower","Flamethrower","Scorches the foe with an intense stream of flame. Has a 20% chance to burn the foe.","Fire","Special","95.0","","Burned","0.2","","","","","flamethrower","","","","","","","","","","","","","","","","","","","","","","","","","","","","","","","","","","","","","","","","","","","","","","","","","","","","","","","","","","","","","","","","","","","","","","","","","","","",""
"flashcroak","Flashcroak","Unleashes a fiery croak that has a 30% chance to confuse the foe.","Fire","Special","65.0","","Confusion","0.3","","","","","flashcroak","","","","","","","","","","","","","","","","","","","","","","","","","","","","","","","","","","","","","","","","","","","","","","","","","","","","","","","","","","","","","","","","","","","","","","","","","","","",""
"flip_turn","Flip Turn","Attacks the foe, then switches the user with a random party member and passes along the user's stat changes.","Water","Physical","40.0","","","","","","","","flip_turn","","","","","","","","","","","","","","","","","","","","","","","","","","","","","","","","","","","","","","","","true","","","","","","","","","","","","","true","","","","","","","","","","","","","","","","","","","","","","",""
"flutter","Flutter","Flutters gracefully, raising the user's Special Attack and Special Defense by 1 stage.","Bug","Status","0.0","","","","","","[{""amount"":0.1,""stat"":""special_attack""},{""amount"":0.1,""stat"":""special_defense""}]","","flutter","buff_swirl","","","","","","","","","","","","","","","","","","","","","","","","","","","","","","","","","","","","","","","","","","","","","","","","","","","","","","","","","","","","","","","","","","","","","","","","","","",""
"fortify","Fortify","Raises Defense by 2 stages, but lowers Speed by 1 stage.","Rock","Status","0.0","","","","","","[{""amount"":0.2,""stat"":""defense""},{""amount"":-0.1,""stat"":""speed""}]","","fortify","","","","","","","","","","","","","","","","","","","","","","","","","","","","","","","","","","","","","","","","","","","","","","","","","","","","","","","","","","","","","","","","","","","","","","","","","","","",""
"gather","Gather","Gathers strength to heal one third of the user's maximum HP and grants immunity to Confusion and Flinch on the next turn.","Bug","Status","0.0","","","","","","","","gather","","","","","","","","","","","","","","","","","","","","","","","","","","","","0.3333333333","","","","","","","","","","[""Confusion"",""Flinch""]","","","","","","","","","","","","","","","","","","","","","","","","","","","","","","","","","","","","","",""
"gnaw","Gnaw","Gnaws at the foe 2 to 5 times in succession.","Bug","Physical","15.0","","","","2.0","5.0","","","gnaw","","","","","","","","","","","","","","","","","","","","","","","","","","","","","","","","","","","","","","","","","","","","","","","","","","","","","","","","","","","","","","","","","","","","","","","","","","","",""
"grand_display","Grand Display","Stages a grand display, raising the user's Special Attack and Speed by 2 stages. For 2 turns, special attacks against the user poison the attacker.","Poison","Status","0.0","","","","","","[{""amount"":0.2,""stat"":""special_attack""},{""amount"":0.2,""stat"":""speed""}]","","grand_display","","","","","","","","","","","","","","","","","","","","","","","","","","","","","","","","","","","","","","","","","","","","","","","","","","","","","","","","","Special","2.0","","","","","","","","","","","","","","","","","",""
"gust","Gust","Blasts the foe with a gust of air. Has a 20% chance to slow the foe.","Air","Special","40.0","","Slowed","0.2","","","","","gust","","","","","","","","","","","","","","","","","","","","","","","","","","","","","","","","","","","","","","","","","","","","","","","","","","","","","","","","","","","","","","","","","","","","","","","","","","","",""
"hammer_arm","Hammer Arm","Strikes the foe with a powerful arm.","Fighting","Physical","70.0","","","","","","","","hammer_arm","","","","","","","","","","","","","","","","","","","","","","","","","","","","","","","","","","","","","","","","","","","","","","","","","","","","","","","","","","","","","","","","","","","","","","","","","","","",""
"harsh_sunlight","Harsh Sunlight","Creates Harsh Sunlight weather for 3 turns. Fire and Plant attacks deal 50% more damage, while Water and Ice attacks deal 50% less damage.","Fire","Status","0.0","","","","","","","","","","Harsh Sunlight","","","","","","","","","","","","","","","","","","","","","","","","","","","","","","","","","","","","","","","","","","","","","","","","","","","","","","","","","","","","","","","","","","","","","","","","","",""
"heat_up","Heat Up","Builds momentum with a burst of heat, dealing light damage while raising the user's Speed by 3 stages and Special Attack by 1 stage.","Fire","Special","10.0","","","","","","[{""amount"":0.3,""stat"":""speed""},{""amount"":0.1,""stat"":""special_attack""}]","","heat_up","","","","","","","","","","","","","","","","","","","","","","","","","","","","","","","","","","","","","","","","","","","","","","","","","","","","","","","","","","","","","","","","","","","","","","","","","","","",""
"hydraulic_crash","Hydraulic Crash","The user throws its full mass into the foe behind a crushing surge of water. Lowers the user's Defense by 1 stage.","Water","Physical","110.0","","","","","","[{""amount"":-0.0999999999999996,""stat"":""defense""}]","","hydraulic_crash","","","","","","","","","","","","","","","","","","","","","","","","","","","","","","","","","","","","","","","","","","","","","","","","","","","","","","","","","","","","","","","","","","","","","","","","","","","",""
"hypnotic_hum","Hypnotic Hum","Hums a hypnotic tune, lowering the foe's Speed by 1 stage and giving them a 50% chance to fall asleep.","Bug","Status","0.0","","Asleep","0.5","","","","[{""amount"":-0.1,""stat"":""speed""}]","new_animation","","","","","","","","","","","","","","","","","","","","","","","","","","","","","","","","","","","","","","","","","","","","","","","","","","","","","","","","","","","","","","","","","","","","","","","","","","","",""
"hysteria","Hysteria","Assaults the foe in a frenzy. Has a 20% chance to paralyze the foe, increased to 30% during Rootmind.","Psychic","Physical","80.0","","Paralyzed","0.2","","","","","hysteria","","","","","","","","","","","","","","","","","","","","","","","","","","","","","","","","","","","","","","","","","","","","","","","","","","","","","","","","","","","","","","","","","","","","","","","","","","{""Rootmind"":{""condition_chance"":0.3}}","",""
"ignite","Ignite","Ignites a small flame around the foe. Has a 20% chance to burn the foe.","Fire","Special","40.0","","Burned","0.2","","","","","ignite","target_burst","","","","","","","","","","","","","","","","","","","","","","","","","","","","","","","","","","","","","","","","","","","","","","","","","","","","","","","","","","","","","","","","","","","","","","","","","","",""
"incinerate","Incinerate","Engulfs the foe in flame. Has a 20% chance to burn the foe.","Fire","Special","40.0","","Burned","0.2","","","","","incinerate","","","","","","","","","","","","","","","","","","","","","","","","","","","","","","","","","","","","","","","","","","","","","","","","","","","","","","","","","","","","","","","","","","","","","","","","","","","",""
"inferno","Inferno","Unleashes a devastating inferno that burns the user's entire party and costs the user 80% of their current HP. Harsh Sunlight remains active.","Fire","Special","300.0","","","","","","","","inferno","","","","","","true","","","","","","","","","","","","","","","","","","","","","","","","","","","","","","","","","","","","","","","","","Harsh Sunlight","","","","","","","","","","","","0.8","","","","","","","","","","","","","","","","",""
"inferno_plume","Inferno Plume","Strikes with an overwhelming plume of fire. Has a 40% chance to burn the foe, but the user must recharge next turn.","Fire","Physical","180.0","","Burned","0.4","","","","","inferno_plume","","","","","","","","","","","","","","","","","","","","","","","","","","","","","","","","","","","","true","","","","","","","","","","","","","","","","","","","","","","","","","","","","","","","","","","","","","","","",""
"infest","Infest","Infests the foe, poisoning them.","Bug","Status","0.0","","Poisoned","1.0","","","","","infest","","","","","","","","","","","","","","","","","","","","","","","","","","","","","","","","","","","","","","","","","","","","","","","","","","","","","","","","","","","","","","","","","","","","","","","","","","","",""
"ink_jet","Ink Jet","Fires a jet of Ink at the foe, lowering their Defense by 1 stage, then switches out for a random party member. Stat buffs are transfered to that new member.","Poison","Status","0.0","","","","","","","[{""amount"":-0.0999999999999996,""stat"":""defense""}]","ink_jet","","","","","","","","","","","","","","","","","","","","","","","","","","","","","","","","","","","","","","","","true","","","","","","","","","","","","","true","","","","","","","","","","","","","","","","","","","","","","",""
"inner_focus","Inner Focus","Clears all stat changes from the user and prevents their next move from causing self-damage.","Psychic","Status","0.0","","","","","","","","inner_focus","","","","","","","","","","","","","","","","","","","","","","","","","","","","","","","","true","","","","","","","","","","","","","","","","","","","","","","","","","","","","","","","","true","","","","","","","","","","","",""
"intercept","Intercept","A swift aerial strike that acts with increased priority and has a 5% chance to make the foe flinch.","Air","Physical","50.0","1.0","Flinch","0.05","","","","","intercept","","","","","","","","","","","","","","","","","","","","","","","","","","","","","","","","","","","","","","","","","","","","","","","","","","","","","","","","","","","","","","","","","","","","","","","","","","","",""
"kinetic_pummel","Kinetic Pummel","Pummels the foe with kinetic force. Has a 20% chance to lower the foe's Defense by 1 stage.","Fighting","Physical","90.0","","","","","","","[{""amount"":-0.1,""stat"":""defense""}]","kinetic_pummel","","","","","","","","","","","","","","","","","","","","","","","","","","","","","","","","","","","","","","","","","","","","","","","","","","","","","","","","","","","","","","","","","","","","","","0.2","","","","","",""
"leap","Leap","Leaps into the foe and grants the user's next move increased priority.","Normal","Physical","30.0","","","","","","","","leap","","","","","","","","","","","","","","","","","","","","","","","","","","","","","","1.0","","","","","","","","","","","","","","","","","","","","","","","","","","","","","","","","","","","","","","","","","","","","","",""
"leech_life","Leech Life","Drains the foe's vitality, healing the user for 50% of the damage dealt.","Bug","Physical","70.0","","","","","","","","leech_life","","","","","","","","","","","","","","","","","","","","","","","","","","0.5","","","","","","","","","","","","","","","","","","","","","","","","","","","","","","","","","","","","","","","","","","","","","","","","","",""
"lotus_absolution","Lotus Absolution","A purifying light attack that doubles in power against a poisoned foe, then cures their poison. During Harsh Sunlight or Fey Gardens, it also heals one third of the user's maximum HP.","Light","Special","75.0","","","","","","","","lotus_absolution","","","","","","","","","","","","","","","","","","","","Poisoned","","","","","","","","","","","{""fraction"":0.3333333333,""weathers"":[""Harsh Sunlight"",""Fey Gardens""]}","","","","","","","","","","","","","{""conditions"":[""Poisoned""],""multiplier"":2.0}","","","","","","","","","","","","","","","","","","","","","","","","","","","","","","","",""
"lotus_dart","Lotus Dart","Launches a sharpened lotus at the foe. Has a 30% chance to poison the foe.","Plant","Physical","75.0","","Poisoned","0.3","","","","","lotus_dart","","","","","","","","","","","","","","","","","","","","","","","","","","","","","","","","","","","","","","","","","","","","","","","","","","","","","","","","","","","","","","","","","","","","","","","","","","","",""
"magic_pulse","Magic Pulse","Fires a pulse of unstable magic with a 40% chance to randomly burn, poison, paralyze, condemn, despair, infatuate, slow, or confuse the foe.","Mystic","Special","70.0","","","","","","","","new_animation","","","","","","","","","","","","","","","","","","","","","","","","","","","","","","","","","","","","","","","","","","","","","","","","","","","","","","0.4","[""Burned"",""Poisoned"",""Paralyzed"",""Condemned"",""Despairing"",""Infatuated"",""Slowed"",""Confusion""]","","","","","","","","","","","","","","","","","","","","",""
"materialize","Materialize","Changes all of the user's learned Special moves to Physical until it switches out.","Rock","Status","0.0","","","","","","","","materialize","","","","","","","","","","","","","","","","","","","","","","","","","","","","","","","","","","true","","","","","","","","","","","","","","","","","","","","","","","","","","","","","","","","","","","","","","","","","",""
"memorial","Memorial","Gains 20 power per completed turn the user remains on the field, up to 200 power. Switching resets the power back to 60.","Ancient","Special","60.0","","","","","","","","memorial","","","","","","","","","","","","","","","","","","","","","","","","","","","","","","","","","","","200.0","","","","","","","","","","","20.0","","","","","","","","","","","","","","","","","","","","","","","","","","","","","",""
"mimic","Mimic","Copies and uses the foe's last move.","Air","Status","0.0","","","","","","","","mimic","","","","","","","true","","","","","","","","","","true","","","","","","","","","","","","","","","","","","","","","","","","","","","","","","","","","","","","","","","","","","","","","","","","","","","","","","","","","","",""
"mind_bolt","Mind Bolt","Strikes with psychic force and has a 20% chance to make the foe flinch or become confused. The chance increases to 30% during Rootmind.","Psychic","Special","50.0","","","","","","","","mind_bolt","","","","","","","","","","","","","","","","","","","","","","","","","","","","","","","","","","","","","","","","","","","","","","","","","","","","","","0.2","[""Flinch"",""Confusion""]","","","","","","","","","","","","","","","","","","","{""Rootmind"":{""random_secondary_chance"":0.3}}","",""
"mind_wave","Mind Wave","Washes over the foe with psychic energy. Has a 20% chance to confuse the foe, increased to 30% during Rootmind.","Psychic","Special","40.0","","Confusion","0.2","","","","","mind_wave","","","","","","","","","","","","","","","","","","","","","","","","","","","","","","","","","","","","","","","","","","","","","","","","","","","","","","","","","","","","","","","","","","","","","","","","","","{""Rootmind"":{""condition_chance"":0.3}}","",""
"mist","Mist","Envelops the field in mist, clearing all stat changes from the user and foe.","Water","Status","0.0","","","","","","","","mist","","","","","","","","","","","","","","","","","","","","","","","","","","","","","","","","","","","","","","","","","","","","","","","","","","","","","","","","","","","","","","","","true","","","","","","","","","","","",""
"monsoon","Monsoon","Creates Monsoon weather for 3 turns. Water and Plant attacks deal 50% more damage, while Fire attacks deal 50% less damage. Steel types suffer from Rust.","Water","Status","0.0","","","","","","","","","","Monsoon","","","","","","","","","","","","","","","","","","","","","","","","","","","","","","","","","","","","","","","","","","","","","","","","","","","","","","","","","","","","","","","","","","","","","","","","","",""
"multitask","Multitask","Raises 3 different random stats by 1 stage. HP may be selected, restoring 10% of maximum HP.","Normal","Status","0.0","","","","","","","","multitask","","","","","","","","","","","","","","","","","","","","","","","","","","","","","","","","","","","","","","","","","","","","","","","","","","","","","","","","{""count"":3.0,""hp_heal_fraction"":0.1,""stat_amount"":0.1}","","","","","","","","","","","","","","","","","","","",""
"mycelial_hunt","Mycelial Hunt","Hunts the foe through a mycelial network, increasing in power from 75 to 90 if the foe has a condition. During Rootmind, its power is 90, or 120 against a foe with a condition.","Plant","Special","75.0","","","","","","","","mycelial_hunt","","","","","","","","","","","","","","","","","","","","","","","","","","","","","","","","","","","","","","","","","","90.0","","","","","","","","","","","","","","","","","","","","","","","","","","","","","","","","{""Rootmind"":{""power"":90.0,""power_if_target_has_condition"":120.0}}","",""
"mystic_stream","Mystic Stream","Channels a stream of mystic energy. Its power increases by 10% for each positive Speed stage the user has.","Mystic","Special","90.0","","","","","","","","mystic_stream","","","","","","","","","","","","","","","","","","","","","","","","","","","","","","","","","","","","","","","","","","","","","{""multiplier"":0.1,""stat"":""speed""}","","","","","","","","","","","","","","","","","","","","","","","","","","","","","","",""
"nectar_drink","Nectar Drink","Drinks restorative nectar, healing 10% of the user's maximum HP and curing one condition.","Bug","Status","0.0","","","","","","","","nectar_drink","","","","","","","","","","","","","","","","","","","","","","true","","","","","","0.1","","","","","","","","","","","","","","","","","","","","","","","","","","","","","","","","","","","","","","","","","","","","","","","",""
"needle_nip","Needle Nip","Nips the foe with a draining needle, healing the user for 50% of the damage dealt.","Dark","Physical","35.0","","","","","","","","needle_nip","","","","","","","","","","","","","","","","","","","","","","","","","","0.5","","","","","","","","","","","","","","","","","","","","","","","","","","","","","","","","","","","","","","","","","","","","","","","","","",""
"nest","Nest","Restores 15% of the user's maximum HP. If the user is an Air type, it instead restores 33% and removes their Air typing for 2 turns.","Air","Status","0.0","","","","","","","","nest","","","","","","","","","","","","","","","","","","","","","","","","","","","","","","","","","","","","","true","","","","","","","","","","","","","","","","","","","","","","","","","","","","","","","","","","","","","","",""
"night_dart","Night Dart","A swift dark strike with increased priority. Its power doubles if the foe is asleep or confused.","Dark","Physical","60.0","1.0","","","","","","","night_dart","","","","","","","","","","","","","","","","","","","","","","","","","","","","","","","","","","","","","","","","","","","","{""conditions"":[""Asleep"",""Confusion""],""multiplier"":2.0}","","","","","","","","","","","","","","","","","","","","","","","","","","","","","","","",""
"outlast","Outlast","Power doubles if the foe has at least one raised stat.","Ancient","Special","60.0","","","","","","","","outlast","","","","","","","","","","","","","","","","","","","","","","","","","true","","","","","","","","","","","","","","","","","","","","","","","","","","","","","","","","","","","","","","","","","","","","","","","","","","",""
"paradise_bloom","Paradise Bloom","Clears all of the user's stat changes and removable conditions, then heals 15% of their maximum HP plus 10% for each stat stage cleared and 20% for each condition cleared.","Plant","Status","0.0","","","","","","","","paradise_bloom","","","","","","","","","","","","","","","","","","","","","","","","","","","","","","","","","","","","","","","true","","","","","","","","","","","","","","","","","","","","","","","","","","","","","","","","","","","","",""
"paradise_ray","Paradise Ray","Fires an immense ray that clears the weather and removes all conditions from both battlers after dealing damage. The user must recharge next turn.","Plant","Special","120.0","","","","","","","","paradise_ray","","","","","","","","","","","","","true","","true","","","","","","","","","","","","","","","","","","","","","true","","","","","","","","","","","","","","","","","","","","","","","","","","","","","","","","","","","","","","","",""
"peck","Peck","Pecks the foe with a sharp beak.","Air","Physical","40.0","","","","","","","","peck","","","","","","","","","","","","","","","","","","","","","","","","","","","","","","","","","","","","","","","","","","","","","","","","","","","","","","","","","","","","","","","","","","","","","","","","","","","",""
"petal_whip","Petal Whip","Strikes the foe with a whipping petal. Has a 20% chance to poison the foe; during Rootmind, its power rises from 40 to 45 and the chance becomes 30%.","Plant","Physical","40.0","","Poisoned","0.2","","","","","petal_whip","","","","","","","","","","","","","","","","","","","","","","","","","","","","","","","","","","","","","","","","","","","","","","","","","","","","","","","","","","","","","","","","","","","","","","","","","","{""Rootmind"":{""condition_chance"":0.3,""power"":45.0}}","",""
"petalwake","Petalwake","Surges through the foe in a wake of petals, raising the user's Speed by 1 stage.","Mystic","Special","50.0","","","","","","[{""amount"":0.1,""stat"":""speed""}]","","petalwake","","","","","","","","","","","","","","","","","","","","","","","","","","","","","","","","","","","","","","","","","","","","","","","","","","","","","","","","","","","","","","","","","","","","","","","","","","","",""
"phoenix_charge","Phoenix Charge","A blazing charge with a 20% chance to burn the foe. The user loses 25% of their current HP as recoil but cannot faint for 2 turns. This move has a 1-turn reuse delay.","Fire","Physical","120.0","","Burned","0.2","","","","","phoenix_charge","","","","","","","","","","2.0","","","","","","","","","","","","","","","","","","","","","","","","","","","","","","","","","","","","","","","","","","","","","","","","","0.25","","","","","","1.0","","","","","","","","","","",""
"photon_beam","Photon Beam","Fires a concentrated beam of light at the foe.","Light","Special","40.0","","","","","","","","photon_beam","","","","","","","","","","","","","","","","","","","","","","","","","","","","","","","","","","","","","","","","","","","","","","","","","","","","","","","","","","","","","","","","","","","","","","","","","","","",""
"plague","Plague","Afflicts the foe with a virulent attack that always poisons them.","Bug","Special","50.0","","Poisoned","1.0","","","","","plague","","","","","","","","","","","","","","","","","","","","","","","","","","","","","","","","","","","","","","","","","","","","","","","","","","","","","","","","","","","","","","","","","","","","","","","","","","","",""
"poison_bubble","Poison Bubble","Blasts the foe with a toxic bubble. Has a 20% chance to poison the foe.","Poison","Special","30.0","","Poisoned","0.2","","","","","poison_bubble","","","","","","","","","","","","","","","","","","","","","","","","","","","","","","","","","","","","","","","","","","","","","","","","","","","","","","","","","","","","","","","","","","","","","","","","","","","",""
"poison_tongue","Poison Tongue","Lashes the foe with a poisonous tongue. Has a 30% chance to poison the foe.","Poison","Physical","40.0","","Poisoned","0.3","","","","","poison_tongue","","","","","","","","","","","","","","","","","","","","","","","","","","","","","","","","","","","","","","","","","","","","","","","","","","","","","","","","","","","","","","","","","","","","","","","","","","","",""
"pounce","Pounce","Pounces on the foe with a physical attack.","Normal","Physical","40.0","","","","","","","","pounce","caster_lunge","","","","","","","","","","","","","","","","","","","","","","","","","","","","","","","","","","","","","","","","","","","","","","","","","","","","","","","","","","","","","","","","","","","","","","","","","","",""
"prayer","Prayer","Offers a prayer that heals the user for 33% of their maximum HP at the start of the next turn.","Light","Status","0.0","","","","","","","","prayer","","","{""animation_id"":""prayer_heal"",""delay_turns"":0.0,""effect_group"":""after_move_effect"",""effect_id"":""prayer"",""owner"":""user_battler"",""payload"":{""amount"":0.33,""kind"":""heal""},""repeat_count"":1.0,""stacking"":""replace_group"",""trigger"":""start_of_turn""}","","","","","","","","","","","","","","","","","","","","","","","","","","","","","","","","","","","","","","","","","","","","","","","","","","","","","","","","","","","","","","","","","","","","","","","","",""
"puff_up","Puff Up","Puffs up menacingly, raising the user's Special Attack and Defense by 2 stages but lowering their Special Defense by 2 stages.","Dark","Status","0.0","","","","","","[{""amount"":0.2,""stat"":""special_attack""},{""amount"":0.2,""stat"":""defense""},{""amount"":-0.2,""stat"":""special_defense""}]","","puff_up","","","","","","","","","","","","","","","","","","","","","","","","","","","","","","","","","","","","","","","","","","","","","","","","","","","","","","","","","","","","","","","","","","","","","","","","","","","",""
"punch","Punch","Strikes the foe with a punch.","Fighting","Physical","40.0","","","","","","","","punch","","","","","","","","","","","","","","","","","","","","","","","","","","","","","","","","","","","","","","","","","","","","","","","","","","","","","","","","","","","","","","","","","","","","","","","","","","","",""
"quick_bump","Quick Bump","Quickly bumps into the foe. Has a 30% chance to make the foe flinch.","Normal","Physical","30.0","","Flinch","0.3","","","","","quick_bump","target_hit","","","","","","","","","","","","","","","","","","","","","","","","","","","","","","","","","","","","","","","","","","","","","","","","","","","","","","","","","","","","","","","","","","","","","","","","","","",""
"regrow","Regrow","Clears all of the user's stat changes and removable conditions, healing 10% of maximum HP for each effect cleared. During Rootmind, it heals 12.5% per effect instead.","Plant","Status","0.0","","","","","","","","regrow","","","","","","","","","","","","","","","","","","","","","","","","","","","","","","","","","","","","","","","","","","","","","","","","","","","","","","","","","","","","","true","","","","","","","","","","","","","{""Rootmind"":{""regrow_heal_fraction"":0.125}}","",""
"relic_strike","Relic Strike","Strikes the foe with an ancient treasure, with a 5% flinch chance.","Ancient","Physical","40.0","","Flinch","0.05","","","","","relic_strike","","","","","","","","","","","","","","","","","","","","","","","","","","","","","","","","","","","","","","","","","","","","","","","","","","","","","","","","","","","","","","","","","","","","","","","","","","","",""
"remedy","Remedy","Uses restorative growth to remove all special conditions.","Plant","Status","0.0","","","","","","","","remedy","","","","","","","","","","","","","","","","","","","","","true","","","","","","","","","","","","","","","","","","","","","","","","","","","","","","","","","","","","","","","","","","","","","","","","","","","","","{""Rootmind"":{""fixed_max_hp_heal_fraction"":0.125}}","",""
"remembrance","Remembrance","Recalls and uses another eligible move from the user's learnset that they do not currently know.","Light","Status","0.0","","","","","","","","remembrance","","","","","","","true","","","","","","","","","","","","","","","","","","","","","","","","","","","","","","","","","","","","","","","","","","","","","","","","","","","","","","","","","","","","","","","","","","","","",""
"rest","Rest","Heals 50% of the user's maximum HP and cures all conditions, then puts the user to sleep.","Normal","Status","0.0","","","","","","","","rest","","","","","","","","","","","","","","","","","","","","","true","","","","","","","0.5","","","","","","","","","","","","","","","","","","","","","","","","","","","","","","","","","","","","","","Asleep","","","","","","","","","",""
"restore","Restore","Removes all special conditions from the user.","Normal","Status","0.0","","","","","","","","restore","","","","","","","","","","","","","","","","","","","","","true","","","","","","","","","","","","","","","","","","","","","","","","","","","","","","","","","","","","","","","","","","","","","","","","","","","","","","",""
"rootmind","Rootmind","Creates Rootmind weather for 3 turns. Plant Fakemon heal 6.25% of their maximum HP at the end of each turn, and certain moves gain additional effects.","Plant","Status","0.0","","","","","","","","","","Rootmind","","field_overlay","","","","","","","","","","","","","","","","","","","","","","","","","","","","","","","","","","","","","","","","","","","","","","","","","","","","","","","","","","","","","","","","","","","","","","","",""
"rubble_slide","Rubble Slide","Buries the foe in mineral chunks, slowing it.","Rock","Physical","70.0","","Slowed","1.0","","","","","rubble_slide","","","","","","","","","","","","","","","","","","","","","","","","","","","","","","","","","","","","","","","","","","","","","","","","","","","","","","","","","","","","","","","","","","","","","","","","","","","",""
"scald","Scald","Blasts the foe with scalding water. Has a 20% chance to burn the foe.","Water","Special","80.0","","Burned","0.2","","","","","scald","","","","","","","","","","","","","","","","","","","","","","","","","","","","","","","","","","","","","","","","","","","","","","","","","","","","","","","","","","","","","","","","","","","","","","","","","","","",""
"scatter_stone","Scatter Stone","Strikes the foe with small rocks, with a 5% chance to make it flinch.","Rock","Physical","40.0","","Flinch","0.05","","","","","scatter_stone","projectile","","","","","","","","","","","","","","","","","","","","","","","","","","","","","","","","","","","","","","","","","","","","","","","","","","","","","","","","","","","","","","","","","","","","","","","","","","",""
"scourge","Scourge","Savages the foe with a brutal attack, but cannot make the target faint.","Bug","Physical","120.0","","","","","","","","scourge","","","","","","","","","true","","","","","","","","","","","","","","","","","","","","","","","","","","","","","","","","","","","","","","","","","","","","","","","","","","","","","","","","","","","","","","","","","","",""
"scratch","Scratch","Scratches the foe with sharp claws.","Normal","Physical","40.0","","","","","","","","scratch","","","","","","","","","","","","","","","","","","","","","","","","","","","","","","","","","","","","","","","","","","","","","","","","","","","","","","","","","","","","","","","","","","","","","","","","","","","",""
"sea_cutter","Sea Cutter","A thin, fast and sharp water projectile that isn't affected by type resistance.","Water","Physical","50.0","","","","","","","","sea_cutter","","","","","","","","","","","","","","","","","","","","","","","","","","","","","","","","","true","","","","","","","","","","","","","","","","","","","","","","","","","","","","","","","","","","","","","","","","","","",""
"seed","Seed","Plants a restorative seed on the target. Starting after 1 turn, it heals 15% of the target's maximum HP at the end of each turn for 3 turns.","Plant","Status","0.0","","","","","","","","seed","","","{""animation_id"":""seed_heal"",""delay_turns"":1.0,""effect_group"":""after_move_effect"",""effect_id"":""seed"",""owner"":""target_battler"",""payload"":{""amount"":0.15,""kind"":""heal""},""repeat_count"":3.0,""stacking"":""replace_group"",""trigger"":""end_of_turn""}","","","","","","","","","","","","","","","","","","","","","","","","","","","","","","","","","","","","","","","","","","","","","","","","","","","","","","","","","","","","","","","","","","","","","","","{""Rootmind"":{""seed_drain_multiplier"":1.2}}","",""
"shadow_snap","Shadow Snap","Snaps at the foe with a dark physical attack.","Dark","Physical","40.0","","","","","","","","shadow_snap","","","","","","","","","","","","","","","","","","","","","","","","","","","","","","","","","","","","","","","","","","","","","","","","","","","","","","","","","","","","","","","","","","","","","","","","","","","",""
"singe","Singe","Singes the foe, burning them.","Fire","Status","0.0","","Burned","1.0","","","","","singe","floating_icon","","","","","","","","","","","","","","","","","","","","","","","","","","","","","","","","","","","","","","","","","","","","","","","","","","","","","","","","","","","","","","","","","","","","","","","","","","",""
"skyfall","Skyfall","Drops onto the foe from above, using the foe's Defense in place of the user's Attack when calculating damage.","Air","Physical","65.0","","","","","","","","skyfall","","","","","","","","","","","","","","","","","","","","","","","","","","","","","","","","","","","","","","","","","","","","","","","","","","","","","","","","","","","","","","","","","","","","","","","","true","","","",""
"slash","Slash","Slashes the foe with a sharp attack.","Normal","Physical","70.0","","","","","","","","slash","","","","","","","","","","","","","","","","","","","","","","","","","","","","","","","","","","","","","","","","","","","","","","","","","","","","","","","","","","","","","","","","","","","","","","","","","","","",""
"sleep_off","Sleep Off","Cures all of the user's conditions, then puts the user to sleep.","Normal","Status","0.0","","","","","","","","sleep_off","","","","","","","","","","","","","","","","","","","","","true","","","","","","","","","","","","","","","","","","","","","","","","","","","","","","","","","","","","","","","","","","","","","Asleep","","","","","","","","","",""
"sleep_swing","Sleep Swing","A wild sleeping attack that can only be used while asleep. Has a 20% chance to lower the foe's Defense by 1 stage.","Normal","Physical","75.0","","","","","","","[{""amount"":-0.1,""stat"":""defense""}]","sleep_swing","","","","","","","","","","","","","","","","","","","","","","","","","","","","","","","","","","","","","","","","","","","","","","","","","","","","","","","","","","","","","","","Asleep","","","","","","","0.2","","","","","",""
"sleep_talk","Sleep Talk","Attacks through sleep with a weak burst of energy. Can only be used while the user is asleep.","Normal","Special","20.0","","","","","","","","sleep_talk","","","","","","","","","","","","","","","","","","","","","","","","","","","","","","","","","","","","","","","","","","","","","","","","","","","","","","","","","","","","","","","Asleep","","","","","","","","","","","","",""
"smite","Smite","Smites the foe with radiant power. Has a 20% chance to condemn the foe.","Light","Special","80.0","","Condemned","0.2","","","","","smite","","","","","","","","","","","","","","","","","","","","","","","","","","","","","","","","","","","","","","","","","","","","","","","","","","","","","","","","","","","","","","","","","","","","","","","","","","","",""
"snore","Snore","A noisy attack that can only be used while asleep. Has a 20% chance to make the foe flinch.","Normal","Special","50.0","","Flinch","0.2","","","","","sleep_talk","","","","","","","","","","","","","","","","","","","","","","","","","","","","","","","","","","","","","","","","","","","","","","","","","","","","","","","","","","","","","","","Asleep","","","","","","","","","","","","",""
"soak","Soak","Soaks the foe with chilling water. Has a 15% chance to freeze the foe.","Water","Special","40.0","","Frozen","0.15","","","","","soak","","","","","","","","","","","","","","","","","","","","","","","","","","","","","","","","","","","","","","","","","","","","","","","","","","","","","","","","","","","","","","","","","","","","","","","","","","","",""
"solar_ray","Solar Ray","Focuses sunlight into a powerful ray. Has a 20% chance to burn the foe.","Plant","Special","80.0","","Burned","0.2","","","","","solar_ray","","","","","","","","","","","","","","","","","","","","","","","","","","","","","","","","","","","","","","","","","","","","","","","","","","","","","","","","","","","","","","","","","","","","","","","","","","","",""
"squawk","Squawk","Startles the foe with a piercing squawk, lowering their Defense by 1 stage.","Air","Status","0.0","","","","","","","[{""amount"":-0.1,""stat"":""defense""}]","squawk","","","","","","","","","","","","","","","","","","","","","","","","","","","","","","","","","","","","","","","","","","","","","","","","","","","","","","","","","","","","","","","","","","","","","","","","","","","",""
"dartlet_stare","Stare","Fixes the foe with an intense stare, lowering their Special Defense by 1 stage.","Normal","Status","0.0","","","","","","","[{""amount"":-0.1,""stat"":""special_defense""}]","stare","","","","","","","","","","","","","","","","","","","","","","","","","","","","","","","","","","","","","","","","","","","","","","","","","","","","","","","","","","","","","","","","","","","","","","","","","","","",""
"stare","Stare","Fixes the foe with a psychic stare, lowering their Defense by 1 stage.","Psychic","Status","0.0","","","","","","","[{""amount"":-0.1,""stat"":""defense""}]","stare","","","","","","","","","","","","","","","","","","","","","","","","","","","","","","","","","","","","","","","","","","","","","","","","","","","","","","","","","","","","","","","","","","","","","","","","","","","",""
"stone_gnaw","Stone Gnaw","If the target is a Rock type, heals the user for all damage dealt.","Rock","Physical","55.0","","","","","","","","gnaw","","","","","","","","","","","","","","","","","","","","","","","","","","","{""fraction"":1.0,""type"":""Rock""}","","","","","","","","","","","","","","","","","","","","","","","","","","","","","","","","","","","","","","","","","","","","","","","","",""
"sun_chorus","Sun Chorus","Sings a scorching chorus that lowers the foe's Special Defense by 3 stages. During Harsh Sunlight, it also infatuates the foe.","Fire","Status","0.0","","","","","","","[{""amount"":-0.3,""stat"":""special_defense""}]","sun_chorus","","","","","","","","","","","","","","","","","","","","","","","","","","","","","","","","","","","","","","","","","","","","","","","","","","","","","","","","","","","","","","","","","","","","","","","","","","","","{""condition"":""Infatuated"",""condition_chance"":1.0,""weather"":""Harsh Sunlight""}"
"swarm","Swarm","Gathers a swarm around the user, doubling the power of their next Bug-type attack.","Bug","Status","0.0","","","","","","","","swarm","","","","","","","","","","","2.0","Bug","","","","","","","","","","","","","","","","","","","","","","","","","","","","","","","","","","","","","","","","","","","","","","","","","","","","","","","","","","","","","","","",""
"swoop","Swoop","Swoops down on the foe with increased priority.","Air","Physical","40.0","1.0","","","","","","","swoop","","","","","","","","","","","","","","","","","","","","","","","","","","","","","","","","","","","","","","","","","","","","","","","","","","","","","","","","","","","","","","","","","","","","","","","","","","","",""
"synaptic_bloom","Synaptic Bloom","Triggers a bloom of psychic energy, increasing in power from 80 to 100 if the user has any stat change. During Rootmind, its power is 90, or 110 if the user has a stat change.","Psychic","Special","80.0","","","","","","","","synaptic_bloom","","","","","","","","","","","","","","","","","","","","","","","","","","","","","","","","","","","","","","","","","","","100.0","","","","","","","","","","","","","","","","","","","","","","","","","","","","","","","{""Rootmind"":{""power"":90.0,""power_if_user_has_stat_change"":110.0}}","",""
"tentacle_grip","Tentacle Grip","A weak tentacle attack that gains info on the opponent, slowing them and lowering their special defense and defense by 1 stage. ","Normal","Physical","20.0","","Slowed","","","","","[{""amount"":-0.0999999999999996,""stat"":""defense""},{""amount"":-0.0999999999999996,""stat"":""special_defense""}]","tentacle_grip","","","","","","","","","","","","","","","","","","","","","","","","","","","","","","","","","","","","","","","","","","","","","","","","","","","","","","","","","","","","","","","","","","","","","","","","","","","",""
"torment","Torment","Torments the foe, preventing them from using the same move twice in a row.","Dark","Status","0.0","","","","","","","","torment","","","","","","","","","","","","","","","","","","","","","","","","","","","","","","","","","","","","","","","","","","","","","","","","","","","","","","","","","","","","","","","","","","","","","","","true","","","","",""
"toxic_flare","Toxic Flare","Ignites a toxic flare. Its power is increased by 50% against a poisoned foe, whose poison is then replaced with a burn.","Fire","Special","85.0","","","","","","","","","","","","","","","","","","","","","","","","","","","","","","","","","","","","","","","","","","","","","","","","","","","","{""conditions"":[""Poisoned""],""multiplier"":1.5}","","","","","","","","","","","","","","","","","","{""from"":""Poisoned"",""to"":""Burned""}","","","","","","","","","","","","","",""
"valiance","Valiance","Strong contact move with a low chance to do recoil damage to the user.","Light","Physical","80.0","","","","","","","","valiance","","","","","","","","","","","","","","","","","","","","","","","","","","","","","","","","","","","","","","","","","","","","","","","","","","","","","","","","","","","0.25","","","","","","","","","","","","","","","","",""
"veil","Veil","Raises a ghostly veil that protects the user from attacks this turn. Repeated use is less likely to succeed.","Ghost","Status","0.0","","","","","","","","veil","","","","","","","","","","","","","","","","","","","","","","","","","","","","","","","","","","","","","","","","","","","","","","","","","true","","","","","","","","","","","","","","","","","","","","","","","","","","",""
"vicegrip","Vicegrip","Crushes the foe in a powerful grip and prevents them from voluntarily switching out for 2 turns.","Normal","Physical","80.0","","","","","","","","vicegrip","","","","","","","","","","","","","","","","","","","","","","","","","","","","","","","","","","","","","","","","","","","","","","","","2.0","","","","","","","","","","","","","","","","","","","","","","","","","","","",""
"vital_cognition","Vital Cognition","Heals 25% of the user's maximum HP. If the user has a condition, it cures all removable conditions; otherwise, it raises Special Attack by 2 stages. During Rootmind, the healing increases to one third of maximum HP.","Psychic","Status","0.0","","","","","","","","vital_cognition","","","","","","","","","","","","","","","","","","","[{""amount"":0.2,""stat"":""special_attack""}]","","","","","","","","","0.25","","","","","","","","","","","","","","","","","","","","","","","","","","","","","","","","","","","","","","","","","","","","","","{""Rootmind"":{""fixed_max_hp_heal_fraction"":0.3333333333}}","",""
"warning_flare","Warning Flare","Displays a toxic warning, raising the user's Special Attack and Speed by 1 stage. For 2 turns, physical attacks against the user poison the attacker.","Poison","Status","0.0","","","","","","[{""amount"":0.1,""stat"":""special_attack""},{""amount"":0.1,""stat"":""speed""}]","","warning_flare","","","","","","","","","","","","","","","","","","","","","","","","","","","","","","","","","","","","","","","","","","","","","","","","","","","","","","","","","Physical","2.0","","","","","","","","","","","","","","","","","",""
"whirlwind","Whirlwind","Whips up a whirlwind that forces the foe to switch with a random party member.","Air","Status","0.0","","","","","","","","whirlwind","","","","","","","","","","","","","","","","","","","","","","","","","","","","","true","","","","","","","","","","","","","","","","","","","","","","","","","","","","","","","","","","","","","","","","","","","","","","",""
"winds_of_time","Winds of Time","Creates Winds of Time for 3 turns, cleansing the field, empowering Ancient and Air attacks, and progressively healing Ancient types.","Ancient","Status","0.0","","","","","","","","","field_overlay","Winds of Time","","","","","","","","","","","","","","","","","","","","","","","","","","","","","","","","","","","","","","","","","","","","","","","","","","","","","","","","","","","","","","","","","","","","","","","","","",""
"wingbeat","Wingbeat","Batters the foe with powerful wings. Has a 20% chance to lower the foe's Defense by 1 stage.","Air","Physical","85.0","","","","","","","[{""amount"":-0.1,""stat"":""defense""}]","wingbeat","","","","","","","","","","","","","","","","","","","","","","","","","","","","","","","","","","","","","","","","","","","","","","","","","","","","","","","","","","","","","","","","","","","","","","0.2","","","","","",""
